id,paper_count,pagerank
Chaotic Dynamics,2335,0.07604009799484873
CD,5755,0.07012522303649266
PS,2271,0.08683591945290321
Pattern Formation and Solitons,629,0.06612330721516496
AO,1308,0.1289752546833009
Adaptation and Self-Organizing Systems,563,0.1457544733335271
CG,417,0.3076851823552995
SI,3968,0.11846054192846292
