id,paper_count,pagerank
BM,658,0.07338985422525175
SC,280,0.035705353947350534
Quantitative Biology,1283,0.03585666994777029
GN,919,0.0271402438580609
PE,692,0.06544934474043107
CB,153,0.06496320774777949
TO,76,0.3890711985521464
QM,470,0.08445571713474963
MN,284,0.09991060162082847
Neurons and Cognition,361,0.05735919043813702
OT,139,0.06669861778749434
