source,target,weight,raw_count
TH,TH,9.257586036301587e-05,125
TH,CO,8.126394692489098e-07,5
CO,TH,8.126394692489098e-07,5
CO,CO,1.426684892566169e-07,4
TH,ME,0.00011474469305794607,2
ME,TH,5.7372346528973036e-05,1
ME,ME,0.0044444444444444444,1
TH,Machine Learning,5.874301692386318e-06,2
TH,AP,5.405685916674595e-07,2
CO,AP,1.186290280486474e-07,2
