id,paper_count,pagerank
Machine Learning,293,0.05101482672023097
TH,1162,0.14243185696083835
ME,15,0.6991621144845928
CO,5295,0.054288837198961354
AP,3184,0.05310236463537665
